x_1,x_2,y
1.951681005160603,1.2370125575084974,0.0
-0.45886967287832414,3.3872195009987864,0.0
1.2236253550479814,4.614933589552042,0.0
4.056287292092456,0.0685936010693684,0.0
2.0089996929331906,1.8407033377867834,0.0
4.0886968414775415,5.0766642474040236,0.0
1.00742235646876,2.9736606407744435,0.0
2.568603108725892,0.33333916107017436,0.0
2.7382837379631706,-0.17770001709545635,0.0
2.4731236745889826,3.7862815934573035,0.0
1.3308856987771238,2.4167531432322957,0.0
-0.2770545308856567,-0.2342067374735648,0.0
2.2527812633148514,3.367388274565219,0.0
1.933477088991419,1.3994592256559173,0.0
4.255031015363049,1.8644923270105527,0.0
2.674826307919745,4.777629997433553,0.0
2.2194732516066096,1.5559121980932327,0.0
0.5604811296960163,1.7645567291730826,0.0
2.490846451873016,1.564823277080317,0.0
3.200551318420076,0.09653483872573188,0.0
0.32415599082058355,2.143890160129242,0.0
4.893306100291817,-0.22257397301049853,0.0
2.9742381056467573,0.7005096969257818,0.0
-1.5661883637923024,2.6238058352098768,0.0
2.4904514537376086,-0.4604583637938573,0.0
0.737750125140238,-0.01018129240652943,0.0
3.5299337740728687,2.837420605118938,0.0
-0.6032597197440972,2.8226458022983167,0.0
-0.41709264555632797,2.5838949209231084,0.0
2.6941800253423698,1.5805919952179612,0.0
3.880299494255037,1.328628018313435,0.0
2.0232300952032505,4.839377936116012,0.0
4.633750829052261,2.804304733165994,0.0
3.590603908706105,5.668934765824638,0.0
1.162796566809245,2.5074846827196713,0.0
2.206888181204477,4.451945857452082,0.0
3.869691978138653,0.42191919769901753,0.0
3.1952178766855663,2.0819621614584447,0.0
0.6045816708996683,0.8971177397213144,0.0
0.7653649920902191,3.2000615533454146,0.0
1.0396334259388147,1.0246820549514286,0.0
-2.0587650742914025,2.313125153125431,0.0
-0.38438649868426866,1.3022117158662547,0.0
0.24135876877592666,5.37933314576658,0.0
-1.2164878554427943,0.2096426138186176,0.0
2.2708707461134505,2.084226425145079,0.0
0.7543542986930802,-0.2681749014777144,0.0
1.0979212835528418,3.4442662845888172,0.0
6.8987199577820295,1.0636880633962043,0.0
0.5160813843290598,1.5268543147293157,0.0
1.7274120404674482,-2.7899107843834523,0.0
3.9527333480007116,3.018895042075928,0.0
2.1012269950137137,2.9026398452846385,0.0
3.098662744844522,-0.11265064453395679,0.0
2.8685327519680257,0.4768876638022166,0.0
4.135762800769124,2.830342589289028,0.0
1.750730977935256,4.4081695795185425,0.0
0.5810272392772153,3.3565462600752927,0.0
3.8949116881859913,0.5353765064188947,0.0
2.8198585601083206,4.949515357609055,0.0
1.089894109974775,3.9330848497949265,0.0
2.8485713733875286,-1.7967947628946703,0.0
2.509869064228857,1.6727780837851367,0.0
2.1362067001948613,1.0972706206748106,0.0
2.7747503566961402,3.920737018164309,0.0
0.15700110927544642,2.525768427044898,0.0
0.9295561698918863,1.98484027912299,0.0
0.6896770493907204,2.6457914338060533,0.0
1.3723896621668288,2.8443845891979134,0.0
1.0829568405084398,4.0623982919200206,0.0
3.272986209195661,3.833454296885103,0.0
1.920055172279257,1.5243285702994527,0.0
0.6039699284526967,4.2162779418838445,0.0
2.6088836935587665,2.7517212099163224,0.0
-0.4131015780657439,-1.5863570009880448,0.0
2.5490416974098387,3.196662269975924,0.0
2.104069331880868,4.566208018857862,0.0
1.1053983349521923,0.25074953776527353,0.0
2.753515041836092,1.5270245455903582,0.0
0.9173898154681751,0.9499088943122096,0.0
-0.9419229937556435,1.202994544896417,0.0
0.5367378270704009,3.7034266758804666,0.0
2.602955012807599,2.4759917940122254,0.0
1.5768442335443367,1.4793985472264835,0.0
-0.36080694979796935,1.3595414517190219,0.0
2.3309215016739784,5.193760833197651,0.0
1.4461268473599305,-2.0126549946719923,0.0
-0.23165302206575622,2.184145433798619,0.0
2.1640117226869107,4.177185541437154,0.0
4.354382203967281,0.2829446501525581,0.0
0.641863539105792,3.942676537314176,0.0
0.6093190685073766,-0.6542826166730586,0.0
1.611836769901892,3.239388076805805,0.0
1.8373087900807006,0.18635642886304193,0.0
0.5511946230883638,2.4008312429257237,0.0
1.8930143143826808,-0.4091591776783434,0.0
1.0239633004862165,2.1879377938206246,0.0
2.1917899712167994,3.783595608662409,0.0
2.381555296450934,3.889451618650269,0.0
2.427343319149362,3.859405940665379,0.0
1.6767003718844378,0.061342472955615124,0.0
1.0829301755365155,3.690076531781184,0.0
3.398292136477759,5.716799083127768,0.0
2.258467125326371,-0.7728089809760168,0.0
3.7349137469227376,0.7230818627633384,0.0
4.323758223875685,2.722103969374856,0.0
-2.357289157731176,2.216165853106961,0.0
3.1926955245823034,0.7053274332907478,0.0
3.836257668192451,0.8007271520680279,0.0
2.74163174881239,2.8728072592128497,0.0
-1.2423058797566684,1.7695315227353714,0.0
2.4478010900776743,-1.110263753316755,0.0
1.8192257974821617,4.458042108529687,0.0
1.44222816403231,7.1704334236289595,0.0
4.096017763512823,0.5425308637704425,0.0
2.3477573790787476,2.1232399683272383,0.0
0.04671101590438398,3.364289563460863,0.0
2.844341389068129,2.4285991507374165,0.0
4.071430047378344,2.829173559488646,0.0
1.2903959388452368,2.7037124110508803,0.0
2.830307378417486,3.5237722118704475,0.0
2.2212000171660806,1.8556297896818938,0.0
0.32680862869047145,1.8246275610724454,0.0
0.0869764698600426,1.9465445137671005,0.0
0.4313643891031662,2.6885689440096243,0.0
2.425297718167694,-0.0888918948844899,0.0
1.158319853594957,0.2947727268692282,0.0
2.5200451208313344,1.1539579248930332,0.0
1.202003301728955,4.948803511153768,0.0
0.8035036973664199,1.5945525313599576,0.0
0.4693874540813614,-2.640180882024569,0.0
2.0600242834849203,1.502399939165615,0.0
-1.1170394236602537,0.7059595238495249,0.0
0.7110532458005797,-2.718635995388105,0.0
0.27221431967285925,4.15873856732834,0.0
0.9725122439021024,2.7032627406191128,0.0
1.3466723216934169,-0.9377262091240439,0.0
0.7543970701638766,2.2324361875755536,0.0
1.9007504798119828,2.877717198584331,0.0
-2.4256019167484437,0.38920762120557595,0.0
2.0202232296635194,5.406150166549198,0.0
2.796263312735755,3.6626854920211285,0.0
1.3468204642827626,7.595218231993207,0.0
0.6846056749602399,1.0121675329771496,0.0
0.24874442051881362,0.5308026354309037,0.0
0.8995174853695759,5.131209263287168,0.0
1.7889021512421543,0.7094411718932561,0.0
3.328839895696209,3.8542328463544564,0.0
2.9454951322401732,-0.3388563822141144,0.0
2.865497359397744,2.3224844734155083,0.0
1.682727324574245,2.8715526885032556,0.0
1.1368050306649873,3.528295738301538,0.0
2.9113990169535438,2.9513011774885554,0.0
3.0006051978836545,0.8666018009267082,0.0
1.5892606973765329,0.6261276576601202,0.0
-0.40874330649162993,1.51305670926929,0.0
3.4450092755666883,0.19960743454943342,0.0
-2.5323747112387727,2.60294845168693,0.0
4.097023710990635,1.9039761358606344,0.0
3.157413559110794,-1.4107397486864373,0.0
2.150161404340158,4.173518301372717,0.0
2.348924026920665,-0.6723760795627292,0.0
3.3246917961882057,0.5470715282652734,0.0
0.6457823809881282,0.6389089962349985,0.0
0.332440353981847,3.1383455187859166,0.0
3.7280393646178127,5.481326229663175,0.0
0.47720425387525656,3.1309854959455548,0.0
2.5376720005558715,5.456457597093415,0.0
4.050128284810673,1.9020366604650931,0.0
0.32619581816346965,0.5130578767461522,0.0
0.23027485944784942,3.0340141916394163,0.0
2.5685953851188783,5.2278773135053,0.0
4.979801184926184,-0.6112307030200372,0.0
1.2365959566627307,3.3321731447587446,0.0
-0.42074290569317263,0.49747352609860274,0.0
-0.2789816968379808,0.5753621157950055,0.0
0.8504367971058152,3.557239882626639,0.0
2.806201525524179,1.7533550388221595,0.0
2.788323768326187,5.670301896923283,0.0
3.6459042078936994,-0.3273047709747674,0.0
3.8837759651716923,-0.6596513046065904,0.0
1.9090577378588123,2.9463669186417274,0.0
-1.272804384379762,1.5883566447742519,0.0
6.663193345786096,5.57145791977571,0.0
3.177666150609676,-1.808487079338601,0.0
4.264626700431039,3.6889772933442924,0.0
0.6033570174551578,4.484259651427596,0.0
2.074230921332343,0.9413684434547152,0.0
1.4137860153287742,-0.12013944864939141,0.0
0.7367537515886827,1.8462077623823123,0.0
2.151252194691656,-1.210771505261893,0.0
2.2584473544942165,4.225158059802693,0.0
1.595987118243768,3.09434589864665,0.0
1.1492242123899716,4.985764631817784,0.0
1.3716790770435812,0.0768294892998318,0.0
-0.610066274862004,0.6512386846303291,0.0
2.1933432057149824,1.8409659233523004,0.0
2.10415902910232,-2.5829102060128726,0.0
-0.8323881036149041,1.4690944638523045,0.0
0.40363215990329504,4.291440257901421,0.0
2.371929510984992,0.5031519361943027,0.0
2.402086295459467,0.8233992433204187,0.0
1.485364273892087,3.960766150268542,0.0
2.4958036935959744,2.51387323316861,0.0
0.23889478006072973,4.4814992036911185,0.0
0.22123045794329177,1.017410673591831,0.0
3.19628348548848,3.8406095751829215,0.0
1.5369580186331142,2.72929269437348,0.0
1.7526612381951736,2.7903836602816994,0.0
1.9139233074354756,1.5545395234542703,0.0
1.1339688092587559,0.07730960009002508,0.0
-0.21121599487923337,2.4497914414332906,0.0
0.0666646355239986,2.2651870347101672,0.0
-2.3280752664381597,1.7214037771331996,0.0
0.5776950762596706,3.1601798016232014,0.0
5.105970943503285,3.291462472947459,0.0
1.3207209892556964,3.3864634612506483,0.0
1.115019036114326,3.1922170944577837,0.0
0.3502669477914475,2.9201572415286345,0.0
1.0427186641221118,3.103358359214692,0.0
2.615139357170664,0.84515261731816,0.0
0.09894613666507746,4.9474346053907095,0.0
-0.9146083751710732,1.8339972527569257,0.0
3.2568323947723767,1.7720599540042137,0.0
3.745459834888946,1.96476281713277,0.0
2.3188419573694423,4.11773684955175,0.0
0.07793403904436547,2.2499275951109783,0.0
-0.1010183014924626,-0.6141114753679924,0.0
4.7868168946233,2.9376555371941806,0.0
2.1058790982318505,0.96659576340243,0.0
1.7599388997844605,3.1902196939604304,0.0
-1.755248685537885,-1.8873337874078961,0.0
-1.5401818770785547,-2.1617062530046782,0.0
4.819976136543954,1.9474817537438924,0.0
0.6932386787643077,2.6807103227329963,0.0
4.616867485490708,3.4395500150212754,0.0
2.2365868280792975,-1.1524814614323633,0.0
1.6532456700767633,1.2573658044507885,0.0
0.8433866954841844,2.8117748230530326,0.0
4.96040002353806,0.615309919398578,0.0
1.3670522544868096,1.3502564675417394,0.0
-0.2658000752218783,0.5802728053597106,0.0
-0.5606487168200163,0.8337266212899686,0.0
1.2799965138018432,2.26776327128971,0.0
3.4534276000415884,5.599810750245592,0.0
1.47411136162526,3.9067648155038848,0.0
-2.332481399562223,-0.11316594892723497,0.0
1.3495255835683053,-0.09466779077580467,0.0
-1.6041598654306108,0.4074594518361627,0.0
0.22201497161880113,2.1729253289194177,0.0
-0.8675770323966492,5.651599140273232,0.0
0.4007848046648361,1.0610499263910198,0.0
0.310409410643228,0.23981519434932697,0.0
1.408212994675414,2.6167128860271895,0.0
1.4839803087277394,0.7986273888023461,0.0
2.374534028445768,1.7318970285787478,0.0
-0.23587750950073572,7.422951554416369,0.0
0.6494073898788132,-0.23024221499212905,0.0
3.911938487153753,3.4504774689091544,0.0
2.3315412553301655,1.1984807345712727,0.0
-1.1045546852343673,1.3112283981917976,0.0
-0.7171819136684592,-0.9654278916906991,0.0
2.2712669518963597,5.298823085395217,0.0
3.0336060277071883,3.5104019515726588,0.0
0.04801012503843394,3.3102205063297117,0.0
0.8878104456520318,-1.7239047700499581,0.0
0.9892118101266145,2.73226444749373,0.0
2.5499382506279145,2.9296847804803923,0.0
-0.16866625970688442,0.9208264432889988,0.0
1.243398526748306,2.6582658183375005,0.0
4.388854223767158,2.6923062079060944,0.0
0.9092709500730451,3.615634468819379,0.0
4.174262688562118,1.5090321642080682,0.0
2.263764041441239,2.0059630832900415,0.0
1.397744127943987,2.0136476898937037,0.0
1.1669078030396958,2.8812783009541967,0.0
1.4552137734784527,3.4294328800887786,0.0
4.680596766130176,3.693006677032958,0.0
3.428347395730885,2.198771972808602,0.0
-0.5557400861752564,3.6218817854152907,0.0
4.2027969386153625,0.9938713340407013,0.0
2.023098620068586,1.4782817418789889,0.0
0.8639182959870806,2.820455752393055,0.0
2.6908747570390945,4.904062440184481,0.0
-0.5691325399921587,2.7948721349042636,0.0
1.8550879404208747,-0.6359993145877758,0.0
-2.1281920731394437,3.563386252547941,0.0
-0.649194461698055,-1.5262800561307284,0.0
2.903950999999792,2.53386646826401,0.0
3.7214128573553196,0.6556276575957043,0.0
-2.584452502764629,-1.2177241586878242,0.0
2.2461854028079493,4.693044570932218,0.0
-0.704433917082695,0.5774898252947251,0.0
2.4170265891007774,2.467578797738683,0.0
2.5258435702110127,4.626590474874982,0.0
1.8351826284536952,1.8109858238532022,0.0
2.391980516641536,1.4830039270838928,0.0
1.519092038210369,2.4292207452486467,0.0
1.7285476189703943,-0.8093303670484517,0.0
1.0473196013820838,2.4108175292087406,0.0
0.10959620826296179,2.138788784914187,0.0
1.3088902892513734,1.0451965569949433,0.0
2.500266475878318,1.0698550273834102,0.0
0.8323956456307493,2.3533420810940955,0.0
1.8539486431700267,1.8060027760933588,0.0
3.1810268071328194,0.8948674370641698,0.0
1.2670802326336175,1.7752833735242666,0.0
3.651387977547404,-0.18708871915616632,0.0
2.5201098851512924,-0.025453865934292885,0.0
3.337210973739757,2.1764829612983343,0.0
6.167773938085513,1.040522097462059,0.0
-0.2038220018762058,4.695916584159272,0.0
-1.7687119960464641,1.537282428592944,0.0
1.4563248923993874,1.1516635926674168,0.0
4.051602371950891,-1.0655645878445337,0.0
-0.524866464904886,2.3546820294147173,0.0
0.612559151444035,2.196728664408129,0.0
-0.8587787934950106,1.9645058622664917,0.0
3.716329368355248,4.4550246432299385,0.0
-1.0967089865928976,2.1343581622829264,0.0
1.1320871422104293,2.9263774221113357,0.0
-1.22821075852816,3.6845091975110904,0.0
2.2141273310602028,0.05469696701849758,0.0
0.6019530185924596,1.5362163725176756,0.0
2.293381646207285,6.076979897319811,0.0
-0.024273578197578694,1.3415247139930426,0.0
-2.285643963730873,1.478265327725052,0.0
1.1054197926194242,-0.8351320201613124,0.0
-0.0581727121666642,3.1498032840784247,0.0
0.7705407268782454,-0.6192453541440552,0.0
4.136436943605648,1.7913022083184673,0.0
3.895262852528428,2.1090276045932264,0.0
-0.13248349676949966,1.212052054911085,0.0
2.343287147416695,-0.4458837680814516,0.0
1.7776369732293076,2.2695485061045395,0.0
0.06909776779522758,2.5003990937078324,0.0
0.9928024553628814,2.360083986128841,0.0
1.0896177520939705,4.281430866223435,0.0
1.6771230982226628,1.026979493355435,0.0
0.8760209831196987,3.2347457468652348,0.0
-0.020164118275342702,1.5422293602316213,0.0
-0.37137588437669433,3.486500523612784,0.0
1.00786355365307,0.948514693416485,0.0
1.4220045451794616,1.8970459835658828,0.0
3.551604280887648,1.3286661115027174,0.0
3.5240767726395648,1.4740556325848813,0.0
0.5030780914983309,0.3305531137255864,0.0
3.172807430853367,3.0914415421913732,0.0
1.8930272549452332,-0.6698410806177089,0.0
2.06945051942869,4.635850751043618,0.0
1.1787251430055854,3.1034411437526774,0.0
2.3910292823988577,0.5633522517762728,0.0
3.50550410611909,1.3925410602042607,0.0
1.3681607204808897,0.6908316619675783,0.0
1.758708547745211,2.143935778617287,0.0
0.39322809031024186,0.9819669274055693,0.0
1.9617286467456951,0.5383338305905361,0.0
0.7633627387102303,1.6267671256301772,0.0
1.8701058722156545,-2.064764300685619,0.0
5.684638582830847,2.0098636493891435,0.0
2.9723291948299613,-0.07964989765116526,0.0
0.9989683729732769,2.120394360252011,0.0
0.3949710391089494,4.1955763889344055,0.0
0.245494155255094,-2.4056182018469734,0.0
4.03348155051987,1.0345237328608445,0.0
1.0091639288880438,2.4901570905562194,0.0
0.8179381383645787,3.6377852074266905,0.0
1.5182776958587711,-0.328111065827962,0.0
1.4401016836015943,2.769406597718254,0.0
0.8273747206520623,1.4996543271306582,0.0
-0.6632084282832857,0.24154528626622862,0.0
1.3952377323908731,3.7554958630011166,0.0
-0.7025114433852129,-0.23550739079613825,0.0
-0.48664205042797914,-2.2801122358085326,0.0
1.8086528364053063,3.7549785414846424,0.0
-1.3317525193181838,-0.7254589442741155,0.0
3.2349704458579844,1.8161591080410615,0.0
-0.46253015135696507,0.7975025354166345,0.0
1.459013780586833,0.71033582756726,0.0
0.9625734590245302,1.5584866110587958,0.0
2.0183410878859167,-0.08211889804476469,0.0
-0.13130836392448564,5.940266131264247,0.0
0.3099971869099758,4.601755449663031,0.0
2.03582960161361,0.03499793249369332,0.0
2.5801002015455214,1.6347485946751135,0.0
-0.4117368807739381,-1.658194379769864,0.0
2.562041896169049,1.8428577607532786,0.0
2.161094886492209,3.147963410380924,0.0
1.303344665295528,4.338637501362795,0.0
-0.03853140756104656,1.87565843954571,0.0
0.6625737242946486,2.8428869383479727,0.0
1.581995568910254,3.605849706626982,0.0
2.1240102730036785,3.322002921697786,0.0
-0.9211874502604194,1.1313381107426794,0.0
2.7867258810854936,2.009019481932636,0.0
1.4695975188806527,2.9327509059762997,0.0
2.5865184502324103,2.481737456035153,0.0
0.37932843552722706,0.37137952204957947,0.0
0.4817756077786055,0.06524578423293592,0.0
-0.38180671832290214,0.5657420513688585,0.0
2.8116851237155425,-0.11593969045409569,0.0
4.5756080742846805,2.6555698854002827,0.0
1.269083914537537,1.4125926815355132,0.0
-0.6509880696808303,0.8550198048000399,0.0
0.47355969396722064,-0.3419910708334464,0.0
1.901647851636458,3.1122343091998586,0.0
0.7218470800445661,2.900725431225215,0.0
3.8067587992718495,3.665902294412672,0.0
0.71834651736469,1.6897905406126625,0.0
2.2628584609297815,4.003432962017204,0.0
-0.0977276579972981,-2.3882702293031333,0.0
2.449507987534614,1.9381275560946396,0.0
3.5790748920479896,1.5186863959725936,0.0
2.4759542705337214,5.241494546015399,0.0
0.662871154552228,4.427011026672185,0.0
0.4435045602623702,-2.3454810703999254,0.0
2.92087499779576,2.767999364737276,0.0
3.4695141528149014,0.19250385487224198,0.0
0.2035597085363121,1.39497100087597,0.0
-0.02437665831574143,1.864434869824286,0.0
2.3135278272144744,2.1991867487500087,0.0
1.2421862297945045,2.0986716512027175,0.0
3.224316458028986,1.3979254579312292,0.0
0.49524251378668693,2.8178840711130313,0.0
0.6895511888209878,2.4213935049952564,0.0
1.7747725601171975,0.8662314275467826,0.0
2.1834159171847984,0.3368915883704653,0.0
0.7348520260528086,2.642811234097901,0.0
0.3058294328305282,1.235774046307037,0.0
3.758172557281488,4.163009184766715,0.0
-0.6240383679411483,1.7870279673285263,0.0
0.7195688082268215,2.486106632437281,0.0
2.3264667108172494,2.3324365171278774,0.0
1.1451654632561854,1.0468431918045098,0.0
2.9159609713304655,0.06387172612763536,0.0
0.6542521167072445,2.552520731242392,0.0
4.152869771302065,-0.2415152408827872,0.0
-1.873939021167904,0.7171165484115631,0.0
1.1159114957960563,0.7782531657850005,0.0
0.9632916537608102,5.272729888895835,0.0
0.1872855819989705,1.6401843462983594,0.0
1.9503492381639538,1.9450127814531024,0.0
2.7068700921677884,0.6415263064633012,0.0
-0.05779581622647356,0.8562883840653561,0.0
3.7183658733942173,1.3217126866779147,0.0
-1.2299944673287255,2.773959438422459,0.0
-0.5199059463543576,1.8580806852949476,0.0
-0.08362463523594732,2.352175394475557,0.0
2.994182274071826,4.213867378471207,0.0
4.40319402737555,0.938308634624607,0.0
4.048864298614021,1.6699249479074092,0.0
0.6160781152927429,3.2439511580884584,0.0
-0.13742764666150142,0.13893192452882164,0.0
0.04634915033761766,1.339583366336389,0.0
1.191607261554521,2.1935826034914205,0.0
0.2921946225452501,3.901880962177845,0.0
2.4911111021278725,5.539973234110104,0.0
0.7974664776014255,4.964264342409317,0.0
4.1150939281476955,1.6905131652932457,0.0
-0.20294114050811607,1.5589732087237873,0.0
2.1386098219248977,2.1706037764770296,0.0
1.548622806364486,0.691953328703313,0.0
1.5209875267628943,3.8713227133574444,0.0
1.9897070745942365,1.50272374585738,0.0
1.7406326811016948,2.6401439051406084,0.0
1.7669412565150948,2.7420199423168996,0.0
0.797863120722593,2.9704802225695994,0.0
2.7745163263998247,2.574841874679824,0.0
-1.709681686210375,0.7373818258816902,0.0
2.069807984792806,2.7010517332305053,0.0
1.1070478101731056,4.241712782440867,0.0
2.248090974053298,1.9449461167527968,0.0
1.691806698369062,-1.5810272490313886,0.0
1.8533468963026372,2.234681079927261,0.0
3.0643608557326565,3.290290236533145,0.0
1.3853114417000587,1.9705678693240813,0.0
1.624156647924813,0.41762193140420445,0.0
-1.4167703459900922,1.5202736659448846,0.0
0.46604193293166474,4.425543051587422,0.0
2.2881423728725574,1.7178991202240668,0.0
3.4643234148375845,-2.2910747332404044,0.0
-1.456302569879817,4.171464314166995,0.0
2.0571834570220404,0.8803484202553253,0.0
2.549994324063304,3.1528289888654473,0.0
1.9111776630846267,0.907608418432013,0.0
1.1844171843107247,0.6928009212785695,0.0
1.7403176542895311,1.3281229449735152,0.0
3.1974770207481624,0.7288947214779162,0.0
1.4888765036320761,2.2037301137354115,0.0
4.335417195816444,4.992535624370839,0.0
3.3167701289644453,1.4252828849829235,0.0
3.4212539522138012,0.6551980730783866,0.0
0.3759127606043191,0.29622461416887624,0.0
1.3018311892046932,3.9471962402982235,0.0
0.8180235544321496,-0.11575759789703666,0.0
2.206481871931718,2.135154423316422,0.0
2.795303182937209,3.6005832384002043,0.0
-0.836135595088288,5.457401235871645,0.0
-0.9205751996295315,3.6674133487823415,0.0
2.258895054080905,3.1541979373770976,0.0
4.427032225276136,-0.11852206258332698,0.0
3.977980567568647,-1.11635003906013,0.0
0.9273811649754312,1.7736807026167467,0.0
0.7942326819545994,2.5807121886791284,0.0
3.4595071400951385,7.3426540692061195,0.0
3.9755711582204603,2.4952081737954517,0.0
2.1672535173368543,-0.9387016159843093,0.0
-0.11606712383352713,1.7329397630934638,0.0
1.324672476266764,2.309995570133845,0.0
0.05093015588150718,3.6729191602369164,0.0
-0.7497584474425829,4.668727371383682,0.0
1.001967813825043,1.8750676772926873,0.0
0.8236327125329371,4.346487714498549,0.0
-0.04797558875784569,0.05073853757157765,0.0
-0.1298260541855445,3.597161636858675,0.0
1.1324993531699126,1.0820737810672671,0.0
2.0641968011866805,3.565071181119401,0.0
3.9174557697425616,2.9853848689016074,0.0
-0.4661088424667572,0.06019792783513611,0.0
3.682402553209624,4.222372217915976,0.0
0.43445658461278924,0.0091930675376517,0.0
1.7664493340598448,2.426183517050462,0.0
1.3274338435893545,4.034626656690474,0.0
2.773450276422296,5.075172082281789,0.0
0.2389454806073812,2.1578550921571042,0.0
-1.386546313353302,0.8775710832720949,0.0
0.2966278372183213,2.133076399138086,0.0
0.627212717450802,-1.8871980825476702,0.0
-2.2762979551928444,0.17744451352800827,0.0
2.0015091286140483,4.0423312986097475,0.0
2.958681145249457,0.5750010260554597,0.0
1.894491696985471,1.580135549922437,0.0
0.43968163379273495,4.551780209178557,0.0
0.010761728964097106,3.162557209126087,0.0
1.8204995739769623,-1.8436771748129348,0.0
2.76273658607343,1.305888491806645,0.0
2.2873792113439118,2.6709614652624776,0.0
-0.8543163838031234,-0.008998459587035601,0.0
1.7736748852172777,4.724771027642046,0.0
-0.8399114437215518,0.8737754631620087,0.0
1.3696444612996894,0.8354303075481291,0.0
2.751449884090788,3.0648347701976717,0.0
3.4835853497190823,3.5537401116627985,0.0
-0.8130836009299909,0.3290535319827417,0.0
2.124198672677004,-0.2690658374894972,0.0
2.6983617785215452,2.629643099342661,0.0
2.887428380296144,6.050549417238255,0.0
3.3431269684310467,5.625817804145604,0.0
-1.1954780722101135,0.84730064373846,0.0
-0.3122536790716193,2.7948650995328577,0.0
3.2501742091913095,0.899006363850338,0.0
1.6517133420000836,2.1534862560193195,0.0
2.066066644522691,3.368762022533965,0.0
2.6050462545603654,1.6240631387238174,0.0
0.15149074372870208,0.8276361190012469,0.0
-0.9883606229662334,0.4374850360843465,0.0
-0.7126331931982239,0.21006015144610402,0.0
0.25827304085308267,4.856908760261819,0.0
0.16276582961008979,0.4081403120956939,0.0
3.0133382714372683,2.012130014427723,0.0
0.7402933969123758,1.9046106872989474,0.0
-0.8621777216930568,1.5925772267143392,0.0
3.244011369870859,1.490056711817508,0.0
-0.00955711172832907,0.45955242612509295,0.0
1.2385877529914422,4.165933809590328,0.0
1.1616802803232469,4.368699372821313,0.0
2.840247416097572,2.0087647772320345,0.0
3.589042673567476,-0.33710621653580475,0.0
2.3712949657237057,3.9170301070573172,0.0
-1.5769440986250705,-0.9167170002479734,0.0
0.3091454852730009,-0.6178571224662295,0.0
-1.9920144874167631,3.811432510040291,0.0
0.24130116824736692,2.1297974765265564,0.0
0.33264450284191804,-1.608927660790818,0.0
1.608313690737126,3.618987406308439,0.0
4.611393468235018,-2.904564681978303,0.0
-3.200484817102131,-0.3441235467110828,0.0
1.734904678930289,3.4071564011353495,0.0
0.03577051033130352,2.257113654025984,0.0
1.2627327226684013,1.3168797627331448,0.0
-1.9205613239611377,0.39399461072464614,0.0
0.6575859922238423,0.6702433359557187,0.0
-0.028331576214977172,3.675306710488436,0.0
3.0483638585975648,1.6410559457499763,0.0
-0.1912121020913211,1.6100815838961489,0.0
3.14170286088617,-0.69262204071403,0.0
-2.143079496081469,0.4609001450734591,0.0
-1.5289805527495632,2.1181129337187223,0.0
-0.18476081998031124,3.149331752007843,0.0
1.0590899337253719,2.6768981826630958,0.0
1.9031123710368139,-0.11634301805567837,0.0
3.7859280727482503,2.1009630855537353,0.0
0.46010953968246837,2.3972392895972088,0.0
4.0819273612145786,1.2342091696896302,0.0
-0.8439481118634755,3.3467475835560254,0.0
1.6307546549532959,1.4750058835707396,0.0
2.290912488705428,4.718759830183598,0.0
5.682177821032415,-0.7226267482804123,0.0
2.621046624035487,1.1739829240943456,0.0
3.979913728448838,3.7903439824648677,0.0
6.422890525965913,-0.46188347802527874,0.0
1.7743419287803093,1.4153306602079894,0.0
1.906648467931919,2.726549701469912,0.0
3.7884716596622057,4.712611602713399,0.0
-0.8683963676372066,3.3477192307101666,0.0
1.716045861825311,3.6370254919033904,0.0
1.8501399718973806,1.6119505196502384,0.0
1.3892333855025012,1.4265483877732206,0.0
4.573685376384057,3.617530336028988,0.0
4.47274769151961,0.13473240251644003,0.0
1.1456966456227022,1.9099102802504762,0.0
3.3350901630403222,0.833682562940989,0.0
2.9712907396946093,4.934773768428268,0.0
1.2964593318333453,5.463029142730149,0.0
1.2174353441635963,2.513824796607291,0.0
0.8801583073871945,2.0380605588480907,0.0
3.1771285069986037,2.173070633795283,0.0
3.346630694973484,0.5216177865385909,0.0
3.284072760491838,-1.0156019912132659,0.0
1.2508640744391386,1.8244576612140089,0.0
0.6121391339781831,0.694873841799537,0.0
0.6309100612294197,0.8771249167349813,0.0
1.5235724826563222,2.183471424252005,0.0
1.7128267327612787,3.5496382743113477,0.0
1.4690265241470624,3.0179409002413777,0.0
3.7694644739156566,3.52495822456496,0.0
2.189948204898325,3.4643211966177927,0.0
2.0807833645899088,2.202725753054448,0.0
1.8573574104993198,-2.5264494445235446,0.0
1.3493861963199383,0.7841438063615804,0.0
3.1468842939817727,2.1761899220958396,0.0
3.4021796132592472,0.0996515789068182,0.0
1.4980170995513633,-0.8454901714750127,0.0
0.22940620953822455,4.4828826856217265,0.0
0.20484869337033973,1.0138777068016327,0.0
0.20092019087026025,3.3381330912923497,0.0
2.696904276787633,0.7152485417028638,0.0
-0.17793437915835186,3.351832563022217,0.0
2.071894672081111,1.1783344864976593,0.0
-0.08023673721591762,1.8306157317471596,0.0
-0.28887035588036625,3.3595651124251438,0.0
1.3797212595697421,0.5467228667613555,0.0
3.637192699814609,2.711350511083842,0.0
1.1153427727075922,1.8213460192998143,0.0
-0.4210502106617491,1.515989844282806,0.0
-1.5953483790684486,-0.6461332442338161,0.0
-2.568117430527673,-0.01279445415616376,0.0
4.376987034886426,-0.8751853383325834,0.0
0.0057280492668077,3.2966216469351384,0.0
3.1498073248858116,0.8548213269035498,0.0
1.9154273542158025,7.718638630214367,0.0
2.08168139439303,1.396447547965836,0.0
4.241259720764287,1.8619179347323607,0.0
-0.8698909252100262,2.620961822204493,0.0
3.377229492446993,2.83570297561582,0.0
2.601705764551086,2.309983728801853,0.0
0.7106200409884065,0.4636110997046714,0.0
-0.6049745485041766,0.7118668867250051,0.0
-0.9123116051254461,2.3590059328956565,0.0
3.3137515276933773,-0.5888892283006486,0.0
2.8962451429617984,0.10342879518916437,0.0
0.4152871873067676,-0.9727396606536125,0.0
2.7667291913245373,2.300868455358108,0.0
-0.8947719208853444,0.9755979242596455,0.0
3.0271404643326267,3.780541441857059,0.0
1.6841870809561497,3.565414774781174,0.0
1.0404092135538345,-0.3264624627871271,0.0
0.18971075221127753,-0.0229831738633286,0.0
1.4174234200185858,0.6547169285825769,0.0
0.28504715709053774,0.9018931225431026,0.0
0.6572551518436452,-1.6055080397708124,0.0
-0.3024189541711644,1.9651067071108361,0.0
2.5420572831797443,3.1087911045714915,0.0
-3.5369270964905093,4.972364124021432,0.0
0.9518363057692986,2.2618023758344905,0.0
2.668906323871912,3.6661928598237568,0.0
1.8186516170382578,3.905961413750111,0.0
1.8186643996950567,-0.4652731985836689,0.0
0.15434666150611354,0.8769977782921101,0.0
3.461944479392285,1.0529759079464183,0.0
-1.1051331582879556,3.4944892723420855,0.0
1.1670901465201395,0.4860707981657013,0.0
2.262609396874667,1.670769999471781,0.0
3.1574541234856612,2.3449613103679106,0.0
1.84872654322996,3.7378381413136843,0.0
-2.77495408894608,-0.22164355277982795,0.0
3.798838483938591,-0.052703103484579295,0.0
1.2992389014950991,5.988833884275721,0.0
1.5266955278653112,3.6499365140699385,0.0
2.423571779566134,3.291423314919548,0.0
1.3206813271796374,0.10048951934626227,0.0
-2.5582879476069005,6.49537638252633,0.0
0.9402736350484081,1.050423708359865,0.0
-0.051779941365301285,0.7634905885317862,0.0
2.8782246486088683,2.6795064565165667,0.0
2.2429961813597883,1.973005974562207,0.0
2.23255570321998,2.7655165642680797,0.0
0.6552330579637906,2.5248853194534906,0.0
-3.3210588736683304,2.6640946646026453,0.0
1.561833069906141,0.1564174269441716,0.0
1.4781396022008277,2.9934124368162607,0.0
4.816796555356744,1.6682033303257875,0.0
0.028303354033726302,2.611666103826905,0.0
0.7838280741878728,2.609997536291119,0.0
-0.5845846434339319,1.3883641351901816,0.0
0.12635179530038632,0.9088281592596508,0.0
1.3031634060750532,4.6207488989102075,0.0
4.144694551067648,1.5874711429328818,0.0
3.417232309264527,2.7849563438076412,0.0
3.475270330993851,1.4850965465200603,0.0
2.05811830505547,3.019976743051795,0.0
3.6716413682008078,3.267523174434432,0.0
0.6955810187454182,2.139174382676797,0.0
-0.04922747111636028,1.1097430622303222,0.0
1.2983727745313836,3.3583591068585124,0.0
2.2112282263145464,2.3571329443141633,0.0
3.2606145943762312,2.056736361719347,0.0
1.5800668652842138,3.0912186391773684,0.0
1.5192732651559961,-0.3239232528189797,0.0
-0.20338988968642102,1.035128711447363,0.0
-1.6703465091254732,4.48957479098063,0.0
1.4454441180061899,5.254468524970706,0.0
-2.681221923124161,0.3566624516271606,0.0
0.5852063861382713,1.3677682193016532,0.0
-0.43472600460422584,3.106894229697496,0.0
2.1012994279802415,0.8198294616004875,0.0
0.11046813196614758,-0.26335162164179504,0.0
-2.6709344568265436,2.269701273478774,0.0
2.08356028654186,2.909506433361176,0.0
0.5532848554565755,2.497616514109507,0.0
1.8651076871748145,1.4694795213841987,0.0
-0.3312697924784813,2.271370714794357,0.0
1.6500838895342764,4.068805097312925,0.0
3.0653001081111135,1.4009408793441103,0.0
-0.6210573749790691,1.4292906495262767,0.0
-1.3576247887740651,0.9136483211166073,0.0
2.882599383530816,1.3648557185470707,0.0
-0.3752728711942568,2.6218308974964777,0.0
1.548424920702471,1.275790993191106,0.0
-0.8081424955558312,3.0020948005436017,0.0
3.3583128617876685,1.71158742810171,0.0
1.5410087428433255,3.5669753557732875,0.0
-0.2684100761485184,3.064600514579717,0.0
-0.4311039789056432,2.086004477598544,0.0
-0.8183365827644593,-0.829650182880044,0.0
1.7384516802769892,3.6440389602786025,0.0
0.8714670398177432,2.530860701803153,0.0
0.9922218623750364,-0.9098435027567295,0.0
2.7159311358648193,4.7261891909164,0.0
0.8446593160982779,0.0013629376874229049,0.0
-0.035835332827749644,0.6018016004036499,0.0
1.2024292224816615,-1.1983318916553523,0.0
3.475122459684332,1.3962574121910252,0.0
2.547239453704587,0.19796234799384727,0.0
3.1389810988355364,1.1938643916907383,0.0
-0.25602257561790176,2.9220784224440153,0.0
0.9182490654769131,3.352646686070219,0.0
-0.4067519740424208,1.167765135549907,0.0
1.6475642460052171,2.3096589596274186,0.0
0.6116625008250088,4.622800530550348,0.0
0.24519708005872842,4.268033185280414,0.0
1.206838844056612,4.947990077920996,0.0
4.548887113791038,4.786830580250401,0.0
0.7054487116885569,3.691521585203936,0.0
1.7096254356461733,2.331817194705129,0.0
0.2680011717521076,1.178841702801542,0.0
-0.7287975222054297,4.109953524656482,0.0
-0.3246669008817915,2.4787578499967005,0.0
3.2627596663049685,0.45852571446863255,0.0
-0.4733579558400234,1.6710741692855569,0.0
-0.9831984797418678,0.47255270087597334,0.0
1.7346773990452047,3.8255532696824495,0.0
3.880865452302323,0.4676612257452497,0.0
2.0775134353495393,2.811214839704497,0.0
1.745363701725983,0.8064572562443035,0.0
3.141604596934536,1.4997252723375594,0.0
1.8295057466368514,2.444022558486977,0.0
3.0059133183524027,1.2634767934172846,0.0
2.9220222835883467,-1.2659473495680857,0.0
0.2702433288183834,0.8946279393129448,0.0
1.7866830433308785,6.247503653904129,0.0
0.12060721568945842,3.3509801773327768,0.0
1.5340827553411194,2.4442564667539752,0.0
1.5511179555805166,2.0751439204961315,0.0
3.704594326939279,-0.7162869489793762,0.0
3.040104515630242,0.5595235633375051,0.0
3.4977583101758594,3.596733973252867,0.0
2.214110243391564,4.13288354084832,0.0
2.3366653964942015,2.8471671620181294,0.0
2.0586645002166795,2.647792391452605,0.0
-0.15792747562661913,0.9276050786836338,0.0
1.179673952519094,3.633520768503128,0.0
0.6905815467667861,1.491091226908536,0.0
2.218311435762295,1.9816631947106096,0.0
3.511940239218551,5.533508262858015,0.0
2.083536084609345,1.8048143840920399,0.0
3.8831605806224205,-0.08749962592298122,0.0
2.9097934905888105,3.320418192819454,0.0
1.7193974200828683,1.6275836449112489,0.0
2.398522535371591,-0.5013780405294206,0.0
2.386796985688923,3.683678274018024,0.0
0.3254038120727918,0.4432183818283184,0.0
1.7618142937514973,-0.4131017863048059,0.0
3.471361279346218,1.3161492848521894,0.0
0.10810388126985115,2.842303143606016,0.0
1.174802407535626,4.974815288116384,0.0
-4.166050407592539,0.5191625714343391,0.0
2.175817082311087,-0.4287367349685458,0.0
5.369893094362292,-2.648059375255797,0.0
0.5405196140065196,4.3849516406887155,0.0
-1.3411982693828635,1.2362401661449063,0.0
3.5785829479184628,0.8344947607602335,0.0
0.7317071236979154,5.420129075978064,0.0
1.6897977026927726,1.5729541416073483,0.0
-2.0017162865951925,1.975779457951715,0.0
3.0303585563604045,2.908687345759886,0.0
1.2539906598175903,2.098051396733823,0.0
1.0022345851625207,-0.12442262956939665,0.0
-1.2519740565922768,-0.4540281053594688,0.0
1.3301911192796605,3.5666645101055767,0.0
0.845796327475353,3.894961614632976,0.0
3.4614774624714073,3.039736529270801,0.0
1.957661126349793,-0.41346256353607824,0.0
0.6128978455423897,0.2030971352840436,0.0
2.0943604219017637,2.6895416490880475,0.0
0.7413330742918763,1.6976546114576712,0.0
0.1898180859381713,4.311309267845685,0.0
3.799368579175012,3.1813589759227927,0.0
4.023945610578597,3.0013402165562413,0.0
2.1100548314131737,2.029839420260262,0.0
3.118589036021347,4.03673510242923,0.0
3.083212929525981,0.9627246669088112,0.0
3.82769097452475,2.3093732419592006,0.0
1.1500173714890831,2.096394659358961,0.0
-1.0492154880569737,0.48586603876743917,0.0
0.5326089912580253,0.908531020507745,0.0
2.636909827721733,3.33291896507927,0.0
0.6475406206370958,-2.959133944967979,0.0
3.1235986412685524,-0.41133562432745263,0.0
3.9264740313625235,1.0912540046280865,0.0
1.098706784923932,1.907475428226252,0.0
0.7311459775608726,-2.327154531111182,0.0
3.2654063135608906,0.5053627911149559,0.0
2.4465900783460106,2.4057163136972792,0.0
-1.6231722634204893,3.1534151756326945,0.0
3.8016680572310007,2.1157812437580468,0.0
2.005842586167949,0.4687761239083219,0.0
2.478526810136996,2.972528007989654,0.0
2.754492232858847,3.043873599065347,0.0
1.463299713331229,-0.16749641006360694,0.0
-0.6820067640415561,3.469133752498343,0.0
4.360514876317814,1.1172457936931903,0.0
-0.28062762500738825,4.510543688784763,0.0
3.4364285598767528,-0.9579804186244991,0.0
1.5768176020233295,3.8198826812123308,0.0
0.790008162222974,-0.643426159006121,0.0
2.11493640093185,4.479396563858218,0.0
2.421801885916432,4.365721892285078,0.0
2.139213068382496,2.068760487300636,0.0
0.8476360549802311,2.929540699984253,0.0
1.3701981231210445,1.346217054823869,0.0
1.4907637421736464,2.9904415016640193,0.0
4.168455004238739,2.8672012083859704,0.0
0.9441144873339314,-0.1495458058495558,0.0
0.6365770475866587,2.6564834055733297,0.0
2.1054591260454694,-0.3444585812889347,0.0
1.4095939138275153,1.8102397341465175,0.0
-0.07441046861105871,4.081642318690216,0.0
3.1687642721191365,1.3594159705221402,0.0
0.7755848760391031,2.46567762416915,0.0
-0.09619393503576634,-0.1487117981737014,0.0
3.465080848645643,1.7681094444464178,0.0
2.16989168406808,1.6428719815710686,0.0
3.0059117839231533,0.7693814466857773,0.0
1.5125097368877574,1.6462096050263506,0.0
0.10744381048558527,2.7241367425511247,0.0
1.9201785637877307,-1.8645790563781102,0.0
2.8903538320599065,-0.07686256721370954,0.0
-0.03302135734046496,0.7768200349413485,0.0
3.839463105972551,1.6723066154336186,0.0
4.371287644628749,2.7604941247899704,0.0
-1.763702844617459,-0.032262201318788986,0.0
0.6895794592671821,3.1526003213469798,0.0
0.6131193988356196,0.6409393374868273,0.0
2.6385666426698062,0.9712714982977599,0.0
1.1217318941897845,1.4644766650759116,0.0
1.4431881410334249,0.9163080360459441,0.0
2.098881500964342,1.6476652384133381,0.0
1.7197743020376106,1.7030762922018237,0.0
-1.1201722797414262,2.8590525772656834,0.0
3.982271840793826,1.4262138670503353,0.0
1.9674706167279903,3.04908008040242,0.0
2.0485775894755207,3.245482769531354,0.0
1.6914992297473255,3.331602405079513,0.0
1.4398066329479111,2.337264136174943,0.0
2.6517987267771077,-0.04611193808301417,0.0
2.940442893957716,-1.5831543497144014,0.0
1.836292027098423,1.778847147092307,0.0
-0.39148579495383795,2.5105967772193147,0.0
3.0126308918087483,1.3305906261876999,0.0
-0.4082863906568026,1.4764414423507106,0.0
-0.31584465142838103,0.7953565713662585,0.0
1.4246421885080023,-2.00730911718657,0.0
-0.5389798051167709,1.904117620083801,0.0
2.0564077331206367,-1.7417142458301949,0.0
0.5379214740256026,1.8629216770256405,0.0
1.586835113252551,1.5227268252793786,0.0
3.695119182958806,1.1590457637691665,0.0
2.31022551573692,7.111645905234722,0.0
1.498252977934452,-0.16720747918264944,0.0
0.6660183604861605,5.037875940697116,0.0
2.041019594306342,2.332349142856634,0.0
5.431648781386205,2.5100226558670222,0.0
3.057544899534073,0.7209944437304694,0.0
0.4730547652340682,-1.0036233748222787,0.0
2.6527141381027652,2.386022040922962,0.0
2.850530171880088,4.171265957666061,0.0
1.7815364798595656,-0.04879471460826412,0.0
-3.573957796656095,1.2799074485769433,0.0
-1.141917500494745,3.256697825427051,0.0
0.8607442015291574,0.5419499841676898,0.0
3.3244590072705402,1.973456214875077,0.0
3.5292743185692874,2.4985342776155246,0.0
1.6964178829154333,1.2330437892093236,0.0
1.3591172523643393,2.8854489388990796,0.0
-1.0591468986431107,3.513402206682053,0.0
0.6520059167443821,0.5428528382770077,0.0
1.9223722705969752,3.2278097771279057,0.0
1.0472911329891335,1.7997839974476113,0.0
3.2893187768857723,3.4605956266518936,0.0
3.7263039728673153,4.442897321113952,0.0
0.8023063339802398,3.087636914283573,0.0
-0.8039412994974366,4.750060907259981,0.0
-1.4506146666354924,3.03227590849594,0.0
0.3600132628285362,7.4537020165181165,0.0
0.8355465051600064,4.974069497226113,0.0
-0.6197497724468812,3.2482859012626504,0.0
2.643085488207646,1.1689772498414481,0.0
4.566971630792965,-0.017106758297108282,0.0
1.6586263169003852,0.946644212265042,0.0
2.1344102241472283,3.692463761111438,0.0
-0.920627820826184,1.0548975766754778,0.0
-1.1532749314610098,3.6386325988032375,0.0
2.36592807372981,3.851629465599949,0.0
1.0205953922856061,2.979030983153062,0.0
0.8130884258055132,1.940898987506668,0.0
1.8383102775273323,2.314534275216373,0.0
1.6726063107458817,2.1825900631913866,0.0
0.014380773555055848,2.395988478088165,0.0
0.46055398075313536,3.301702624358336,0.0
1.7553319065505022,-1.60083068186806,0.0
-0.08411559817788183,0.22983384341294943,0.0
4.386061846741796,1.5691752702685218,0.0
0.23412317593114196,-2.321839158820648,0.0
-0.10157080371507998,2.534560660345002,0.0
0.39545557442729606,1.001357935732622,0.0
0.9354103388555367,1.7448898765465675,0.0
-1.3855839042753204,-1.861277462789508,0.0
2.390799438280143,-0.061547761817174695,0.0
2.5811143898888984,2.7818082882995596,0.0
0.7981337415752894,2.7345656845018054,0.0
1.591223042140033,-0.222994121289934,0.0
0.9724021917711463,3.2917109872274803,0.0
-0.35982473949213056,1.0652310336964739,0.0
-0.0294327320014085,1.7485403477345667,0.0
2.7288920090360977,1.2623307105812054,0.0
0.4361116043785078,4.763138679084155,0.0
2.8422896756378586,-2.442583995238418,0.0
-1.5207019006524622,-0.9610946512413476,0.0
2.342711628142292,1.2692492012260188,0.0
-0.21265841766996418,1.6554939830946953,0.0
1.5694004457524156,1.6033271257154642,0.0
0.5865064745883631,2.132221084916323,0.0
-2.3818208967551926,1.9168423127941796,0.0
-2.883802678890068,1.1132572862668786,0.0
5.206262946298029,0.4232330925244303,0.0
-0.7986122150234021,4.0095184530929115,0.0
3.585597508731785,4.778496610983013,0.0
2.5706671872798217,1.84866859682996,0.0
0.499884302253208,3.799030757676945,0.0
2.36161740088707,3.5810268826359897,0.0
-0.9747069365612884,3.9059794881324836,0.0
1.125695263496807,2.5746891650745645,0.0
0.525222377068217,2.9192011650224234,0.0
0.2788719432888913,2.5438352561526125,0.0
1.06476315359927,2.4037906396368975,0.0
-0.8661827955350914,2.4676122618361886,0.0
3.279770548023235,3.0985357783237846,0.0
2.3729789048535226,2.6870803903607765,0.0
2.38192667712475,2.2415489660836347,0.0
3.2079923488419775,1.785504303554343,0.0
0.40978091405253103,2.4911793845306756,0.0
2.6805722293336336,2.928545170064347,0.0
1.3470926402623935,-0.07902362488742076,0.0
0.3829573214238735,2.2356659547119393,0.0
0.22995879217637993,3.8916292475566077,0.0
2.445197563150014,1.2566634768375975,0.0
3.499587862859726,3.6925448587483674,0.0
2.392389667437139,0.44524002602484947,0.0
-1.3326651556496594,-0.6363622555060009,0.0
-1.9879533469884794,7.507577751311033,0.0
0.654485792050689,2.1693714674733915,0.0
2.063927824290451,1.5915556881671586,0.0
-0.5106940955171391,2.3323134807272514,0.0
2.4332007853925193,5.380059763488282,0.0
1.031650292793135,3.815734883141819,0.0
0.46794672152626826,3.799753294486352,0.0
4.198998338582533,-0.753479687369468,0.0
3.9715374261691694,1.4816149011678794,0.0
0.5315736589417251,2.615342905127056,0.0
3.2032968761012643,5.881014113529433,0.0
-0.7071546130347395,1.3768533423121274,0.0
3.1473779172247056,2.9726893226402566,0.0
0.8648937080151325,-1.6743912623875268,0.0
-0.9052416267643566,0.2520908659679677,0.0
3.4771688411770807,2.641552024123423,0.0
5.954298978761181,2.6640425337072053,0.0
0.44477599133327606,1.8730635450227497,0.0
0.8282223094341588,1.766910962054304,0.0
3.1189681164669176,0.598448363762258,0.0
0.8080871787272966,3.4060748813880704,0.0
0.34299223403558066,0.5378985453400695,0.0
0.6745376269266795,0.8248013696266596,0.0
0.16213917629480723,2.2948105093616533,0.0
0.7190214942712868,1.1739939623598437,0.0
3.3271372327825817,-1.9196495012485362,0.0
3.161624988125631,-2.9411773217756645,0.0
0.5868265427827928,-0.16752363217005417,0.0
-0.28842107628638214,5.997452925905431,0.0
3.4530265812675207,0.17837880630126746,0.0
-0.8299938188772149,-0.8184424258521279,0.0
-0.9715769874004692,3.454066097395369,0.0
-2.0278202028686523,1.0708108109216332,0.0
0.6652514353690848,2.3910473142888593,0.0
2.146803857030224,4.42025797045613,0.0
4.280700183676644,3.0500876917468642,0.0
2.5696258312350224,1.6468330212396682,0.0
-2.4304679592566796,-0.12884462828879473,0.0
-1.2020297275277962,3.2646395939254584,0.0
1.2134211440113634,0.9494878359178911,0.0
4.029494591823655,0.8612655529950479,0.0
2.515414114697322,0.8879278652126916,0.0
0.20646176837930597,2.974171970584622,0.0
1.8225627624138665,2.328730942345978,0.0
1.0535258926846267,-0.19043161184847035,0.0
1.5436884561350228,5.149536380035903,0.0
-0.5509291452269216,4.458081215506775,0.0
2.1159162194849817,-2.8332719534844752,0.0
2.89118685572626,-0.2616940209606402,0.0
0.3722556890727451,2.0192380995805785,0.0
3.753030934710601,2.145945497284551,0.0
0.14364605640034234,0.3636815169826342,0.0
2.559880419761954,3.8044722899635284,0.0
1.3827310246723445,-0.9555651765435149,0.0
1.6794636899312003,1.1686736628918626,0.0
1.7916454544795202,1.9785060496539355,0.0
1.1749235595016723,2.1207528455693048,0.0
0.5517434316942865,2.9571143958604407,0.0
2.6958091971305405,1.5909303468658638,0.0
2.10561453699476,1.5025566941953175,0.0
2.5981085031315834,1.341142675373992,0.0
-0.5581055723780963,1.8712034812776301,0.0
0.39669644042195595,3.3847569211356365,0.0
2.440148162567421,2.460481216382249,0.0
0.3734109293610244,3.4352513652372405,0.0
-0.18478237143850063,-2.395999786069864,0.0
2.12257531798892,-1.322140915648982,0.0
2.507256396802264,1.8285041994593756,0.0
0.7769398066661205,-0.5260573423092847,0.0
-0.8045582324310736,-2.466877946872785,0.0
-0.8294800588561646,4.1744102701823085,0.0
2.3909666383233095,0.8087206898792523,0.0
-0.6787703378144112,2.6535119677488126,0.0
2.1803731716091073,2.057297960584973,0.0
-0.6347768734142591,1.9634037457846865,0.0
0.7532051834972602,0.9718704050525586,0.0
0.5915182293151516,1.850049589026034,0.0
0.8269907849072703,0.09150591724877843,0.0
4.456227130312206,7.353940610222179,0.0
0.6645923996336064,0.7174393344018659,0.0
-1.59825088363824,3.2491927863902585,0.0
3.1552553172283604,3.9901192198250617,0.0
-0.05297786472355681,3.4003283569849287,0.0
1.0360916515210834,4.402677229051712,0.0
2.82132245576377,1.293318324485955,0.0
2.712704372731462,1.8745381916039492,0.0
0.7882708509561369,0.5005912753511395,0.0
-0.26435176633355395,2.6778149147056225,0.0
0.9089095366378379,3.909201063913975,0.0
3.625754274638901,1.613274982145267,0.0
0.15559557360940546,2.7643837696957068,0.0
4.437183111986572,2.5888984835158877,0.0
2.795406822086842,0.1774160352041778,0.0
-0.27575572586221053,3.774299523940833,0.0
2.699721750067183,0.9249193887235894,0.0
1.5041139389221445,0.89668300631225,0.0
1.946534007791351,2.1889721313420805,0.0
2.204111653910195,2.1166590212727794,0.0
2.3899541596557947,1.1958038987834922,0.0
0.9741733196917403,4.579651802143701,0.0
3.6256000463968796,0.38580698668407565,0.0
-1.3843093978529755,4.333761555250499,0.0
-1.637422086629039,4.1789190140727985,0.0
0.5423547701067352,3.59605633191933,0.0
0.2018953164713564,5.037227421331803,0.0
5.679742788410721,1.2403076145013512,0.0
4.515374476742807,3.9070412828260404,0.0
3.444124070424518,1.3769429404912867,0.0
-0.07346389845266987,0.7027115795159868,0.0
3.5322470689882173,3.3053112598867003,0.0
1.6186937902656398,0.5676518329446869,0.0
-1.233048702712209,2.3187351144217203,0.0
1.3696717168557786,2.721592568112369,0.0
3.6351809610429053,0.7580007527742332,0.0
1.9325250278785038,2.311388008124374,0.0
3.377213060254519,2.467868198420157,0.0
3.500882146844936,0.989845743005602,0.0
0.5206577039471955,1.5136968039308296,0.0
0.5858605344017391,3.738554435354742,0.0
3.490385945663494,3.1540309247515266,0.0
0.9547225005527022,0.4814039792761702,0.0
2.5674821627079414,2.0196155786774543,0.0
2.7901928994898135,2.6747625437931513,0.0
-3.498903435860444,2.6531182658634616,0.0
1.9458455922753144,2.342730122354169,0.0
5.222243980869775,3.569848247530265,0.0
0.2786223518622428,-0.8477220992316505,0.0
1.0203694331859487,-3.2707233745678206,0.0
-1.2338268329386755,1.2933321773488027,0.0
1.484655501499431,0.9257121668184183,0.0
3.007376268284701,1.281067304668348,0.0
-1.3164639266626987,0.8630082347706534,0.0
2.7743306360509177,3.1180304515762876,0.0
4.142068525762959,2.6868337101660726,0.0
4.282203354472344,3.531201075667873,0.0
0.22733307461736008,3.632000344478094,0.0
1.6945426445646117,3.627117404950137,0.0
1.5414992436744253,1.4558007419235235,0.0
0.07789640214503235,-0.31322753266335335,0.0
2.8876134249082073,1.536754472488124,0.0
1.095392579229046,4.131343138096904,0.0
1.600127796094402,3.361931933317685,0.0
3.023347484105659,1.729341868522203,0.0
3.44827063791732,2.579706587302809,0.0
0.38379877593480227,5.3255757862910125,0.0
-2.422307510220482,4.069915779056595,0.0
1.7516060643617148,-1.0612944371528807,0.0
4.8627971033363995,0.6244898458972465,0.0
2.8557133476180026,0.5690354118731338,0.0
-0.30760868778038297,1.1910425697033031,0.0
-0.4655865523594074,4.360904501456904,0.0
2.635303616546048,2.2165632401281563,0.0
-0.16915732427272423,4.953460346634438,0.0
3.4332497470105867,-0.7511189556872395,0.0
0.043700736549676655,4.152372060702041,0.0
2.4238547312568937,5.124762554256195,0.0
0.42707960765893116,3.6692838399698786,0.0
0.821315534867055,4.792179317452785,0.0
-1.8892222898703297,2.3185537850047377,0.0
2.3464708963399197,3.768753145196844,0.0
0.037630646498638454,3.5544946927346355,0.0
3.4025426185983596,-1.6367217175501394,0.0
0.05846771898944669,2.795552336041308,0.0
-0.7301635075742401,2.709480157403996,0.0
2.723314426848388,3.803377451673296,0.0
3.6825727846236296,1.7277837054701075,0.0
1.462985197277947,-0.7679392939534897,0.0
2.7682056086252134,3.308298542102867,0.0
0.05351748191050443,0.08377745288499328,0.0
2.150984511991838,1.9720415257689146,0.0
0.22105425944871415,1.6903584071058342,0.0
-0.581976472925545,3.72864360427544,0.0
1.2239345001073652,5.588719109031217,0.0
-1.0288288429330903,2.564884245196496,0.0
1.2259653205502352,0.9406097629924783,0.0
4.062076124182541,2.5013679055154503,0.0
0.22849300296569242,2.3471530067153474,0.0
1.61617180299176,1.6951259172733186,0.0
2.155808283281678,0.3178015608476612,0.0
1.8958052329517123,3.197226670361243,0.0
2.2821188249478563,2.2175299647852444,0.0
1.8566218291724828,0.554502863054511,0.0
1.077838795475194,-0.07150084825333591,0.0
5.194220884271088,0.49845428160184424,0.0
0.5716560744692727,3.051897300300047,0.0
2.7029808874264685,0.3192958971522222,0.0
3.112086622029731,2.780145934020217,0.0
0.45453483533375616,1.5127951541463123,0.0
1.3927933494726137,2.2250586893556403,0.0
2.4914941416025824,1.4089095804092058,0.0
3.727087656924877,3.4178986184727225,0.0
1.8336572079113302,3.104175748918238,0.0
1.174189428104157,2.2229142190486595,0.0
-1.9424490309694753,1.0180651346977676,0.0
1.6412861107422452,3.392876196532895,0.0
2.3900014615702974,3.090620510049905,0.0
-0.7825221863966156,3.2337295965305604,0.0
1.1734000187690277,-1.0974206827472046,0.0
0.8558067029104373,5.104387309804955,0.0
-0.29895966088184367,4.869332580323631,0.0
2.0748917472915425,-1.053270399747797,0.0
2.781227310386421,5.528447173457277,0.0
-0.736015657872295,3.6783480733177534,0.0
3.6782474019023543,-1.3369154531570686,0.0
0.5535949172325474,1.6210852781230152,0.0
0.7390208130309086,2.3543477325946123,0.0
1.3087382411652284,2.9998441896019106,0.0
1.4350317735115163,1.6719765992729334,0.0
2.1147820781720066,-0.3598095660328804,0.0
4.275953834240466,1.3600619211801626,0.0
-0.7674176470138834,-0.7631369640901191,0.0
0.9161997283550676,0.3159614190933504,0.0
2.068828950841324,2.4202784136653572,0.0
1.4414163268925673,5.851444081239251,0.0
2.984362382017557,3.8394423995367655,0.0
3.8820105399852887,2.459971665823958,0.0
2.011138407706157,-0.1334782430536059,0.0
3.224731541865358,3.5315778835451352,0.0
1.083738344896775,1.1410632395995055,0.0
0.864100529957169,-1.2975615019786115,0.0
3.9218427927392137,1.6606950906502118,0.0
1.933516243115788,3.2903953186863957,0.0
3.913711599886767,2.11165121510567,0.0
1.9929374226207064,1.339653329017773,0.0
0.3159852379497028,0.7255601436668293,0.0
-0.7336742921760289,1.7424138023327647,0.0
1.3235726652387934,5.915600524235731,0.0
2.6794722154829786,5.17007898246815,0.0
1.4973768031905876,3.151457988375033,0.0
2.0617913219700483,2.9245554647039143,0.0
-0.36423144850027644,2.5087996494872997,0.0
1.6441453530159325,0.16959387791249325,0.0
0.7594082832091987,1.621434524685494,0.0
0.6023830831202073,0.4640497107794448,0.0
1.2108485113863796,4.051294294918559,0.0
-0.28545075873524306,2.431460722064355,0.0
1.160056446741025,-2.5686873809742297,0.0
0.5657944210178821,4.705872154670185,0.0
4.577047919325459,1.0427780544045757,0.0
-0.5719309041601099,3.1011101304688027,0.0
1.0418595030040096,0.3183329967845894,0.0
2.391686586902823,3.150977066846859,0.0
-1.1235080469185723,1.8703202574923632,0.0
1.2681560494753839,0.08263424101559735,0.0
3.952636159319299,2.802429813566249,0.0
3.192916618026996,2.060620667766033,0.0
3.1940611561492664,-0.6083606132574921,0.0
1.030637581292344,0.4558201722892823,0.0
-0.042972828563826226,2.9600740764639335,0.0
2.357938916278052,-1.3645536125183821,0.0
-1.3448745608062849,-1.4402137324337094,1.0
-1.1651355424996317,-1.438232392129898,1.0
-0.28740888044428936,0.8204855696559596,1.0
-1.7498104193442585,-0.3184665298080256,1.0
-0.9444521765399537,0.13465514140938106,1.0
-0.20214994382262153,0.5111784000450206,1.0
-0.651884393841552,1.0023403356612506,1.0
-0.9012480284337304,-1.7244251537004547,1.0
-2.149125862511389,-2.689959617153959,1.0
-0.5075275113577299,0.26977804646331816,1.0
-0.8654855873321176,-1.4115875509709794,1.0
-0.7335497531364092,-0.20129846739119495,1.0
-0.6694085220007359,-0.5092311557404416,1.0
-1.555535100217911,-2.0253502589381513,1.0
-0.9702856435131011,-0.21711181103813737,1.0
-1.7169889090890031,-2.9647749366120646,1.0
-1.7911655475967825,-2.372733904309185,1.0
-1.226463118214558,-1.6982933960195714,1.0
-0.8090313255348839,-1.496693270544006,1.0
-1.3548314994095683,-1.9994258407804308,1.0
-0.9726822615585036,-2.8354767005683357,1.0
-0.5975303058229975,-0.1330529883084085,1.0
-0.8936484616641246,-0.49803082804612864,1.0
0.14826344201279973,1.1719905659826413,1.0
-1.5185916049874724,-1.8662628623843767,1.0
-0.5882291264702091,0.06187608773816522,1.0
-1.3977950821697422,-2.007969024637977,1.0
-0.5172638048414036,-1.3311037714250105,1.0
-0.3030322349744655,1.5906508262943997,1.0
-1.0162865890387092,-1.5302997781980956,1.0
-1.2119698843981355,-1.546784103645094,1.0
-0.9199196405319301,-0.11355150831179395,1.0
-1.117858281720227,-0.4602970441629177,1.0
-0.6135277306238835,-1.0418998520811014,1.0
-1.1339481110038028,-0.8911068229614331,1.0
-0.8408089473474603,-2.1638655805596483,1.0
-0.8262464583905048,-2.396889299257805,1.0
-1.6858695666883463,-3.1325955570994415,1.0
-1.371751449238669,-2.2417601094325343,1.0
-1.0169504357280263,-2.0578400425498673,1.0
-1.0043767969090096,-2.0573767488633496,1.0
-1.0720359189029964,-1.4702435531018065,1.0
0.0843996941614713,-1.037278196380886,1.0
-0.4606871125192068,-1.0201488885975776,1.0
-1.5087228536571178,-3.8976770699546655,1.0
-1.2482346577398795,-0.7970777231396178,1.0
-1.1093541673361127,-1.6117744691320737,1.0
-1.0074961376593516,-1.9765244535369217,1.0
-1.1341504914509568,-0.362722415554132,1.0
-1.680826661037123,-2.118027515468638,1.0
-0.9826727527678495,-0.9767047684189246,1.0
-0.7101226604111601,0.7060599974466935,1.0
-0.03676567980127754,0.42683354844083743,1.0
-0.2026534224073504,1.2209606026617248,1.0
-1.3586777639496228,-1.568374051099748,1.0
-0.3518774955869364,-1.1205377869734412,1.0
-0.7078128865459365,-0.3728070607710322,1.0
-0.8889935685144124,-2.114411957020959,1.0
-1.4204191387782956,0.4621220788985554,1.0
-2.0128422572340905,-3.887532229618177,1.0
-0.9384834130448635,0.0703622068160481,1.0
-0.8079003312194022,1.312689490530241,1.0
-1.2879765968086203,-1.0169958436088942,1.0
-0.6978102514832426,-1.232828555317367,1.0
-0.4866615988690808,1.7045309634252672,1.0
-0.9642567707658267,-1.5205581367367929,1.0
-0.16479283526043176,1.7465480217995597,1.0
-0.9178824414910518,-0.7413661475069009,1.0
-1.4019922875721782,-3.5653364601886555,1.0
-0.8280378447386879,0.31901551002670825,1.0
-1.667406827805674,-3.1701345641541403,1.0
-0.8879321043223425,-0.05667652982485227,1.0
-1.024457149562759,-1.8540590956544165,1.0
-2.0779282150907594,-3.537133511848663,1.0
-1.0723597718066464,0.5802720880641463,1.0
-0.2836459052976351,-0.6199024310417203,1.0
-0.5490894591160519,0.11889331183692131,1.0
-1.6739754698931526,-1.8513733723400034,1.0
-0.860592136371579,3.3499823813153204,1.0
-1.2558022624737442,-0.7630283417149446,1.0
-0.8103849794107384,2.0091396735297433,1.0
-0.5481283773871262,-1.6002947838265795,1.0
-0.8887238452136189,-0.7357761269643336,1.0
-0.7696867054825913,-0.3384302737061683,1.0
-1.9188028809335986,-3.1536550180179437,1.0
-1.4372940722449141,-4.029944031695402,1.0
-0.9676281310023074,-1.3962890214695287,1.0
-1.5454778998999577,-2.3106607249347713,1.0
-1.4649409943045404,0.049649958017408125,1.0
-1.305009480883446,-0.9326486595286555,1.0
-1.6336826258571266,-2.885714825836221,1.0
-1.1093838146499526,-0.23447904270554965,1.0
-1.4098987212609835,-1.5435104842876273,1.0
-1.1496235073193255,-1.7149759821483868,1.0
-0.9509252403511685,-2.2776324250083135,1.0
-1.6441887362797631,-1.5373787552364697,1.0
-1.1143207794892263,-4.168067808948191,1.0
-1.261605766700779,0.549132370020667,1.0
-0.9833593304913681,-2.0594937742063792,1.0
-0.2644327231088196,0.45246372000710555,1.0
-1.0400769401620933,-2.7332104659024754,1.0
-1.086190485119452,-1.257998171798793,1.0
-1.762665603292297,-3.637504087174794,1.0
-1.4975023991376188,-0.01969388821568352,1.0
-1.6158158564216283,-4.363505296980691,1.0
-1.0294395742105542,-0.3100586574741019,1.0
-0.8639401293912331,-0.39780888010838455,1.0
-1.3452539094281208,-2.8880537165692486,1.0
-0.7064131089075731,-3.9589450926116143,1.0
-0.10992924108725088,1.5089362165528688,1.0
-1.1887173751457754,-2.007459264440771,1.0
-1.0909430086105687,-0.7278743543096203,1.0
-1.0055045925407788,-1.0460029259555823,1.0
-0.7098322972245037,0.19044288268046672,1.0
-0.8478597497653448,-0.3219995169567025,1.0
-1.3341267081118238,-3.9500518364982473,1.0
-1.4264125890910544,0.3024354793569759,1.0
-0.8146848516019844,-1.6436912994431103,1.0
-1.4440141561946003,-1.4709300968225607,1.0
-1.26754580465348,-1.935038613422257,1.0
-1.2272072323232643,-1.9048888957550045,1.0
0.4734632390350888,0.32025778013193773,1.0
-0.18346617878446803,1.0216776670386882,1.0
-0.5187326246740167,0.3933154458952801,1.0
-1.226545936378996,-1.4879762307991884,1.0
